Effect,NumDF,DenDF,FValue,ProbF,Label,nc_param,alpha,Fcrit,Power_CVT
a,1,15,9.00,0.0090,a,9.0041223923,0.05,4.5430771653,0.8007350693
b,2,15,3.25,0.0671,b,6.5025623223,0.05,3.6823203437,0.5295623074
a*b,2,15,3.25,0.0671,a*b,6.5025623223,0.05,3.6823203437,0.5295623074
,5,15,4.15,0.0144,control vs at least one trt,20.749760029,0.05,2.9012945362,0.8530324539
a*b,1,15,4.06,,control vs trt 1,4.0553085525,0.05,4.5430771653,0.4699796793
a*b,1,15,16.22,,control vs trt 2,16.22123421,0.05,4.5430771653,0.9639567336
a*b,1,15,0.00,,control vs trt 3,6.193408E-29,0.05,4.5430771653,0.05
a*b,1,15,0.00,,control vs trt 4,4.146E-29,0.05,4.5430771653,0.05
a*b,1,15,0.00,,control vs trt 5,1.847785E-28,0.05,4.5430771653,0.05
